{
  "success": true,
  "code": 200,
  "data": {
    "total": 2,
    "list": [
      {
        "deleteFlag": false,
        "modifyTime": "Aug 23, 2017 3:24:50 PM",
        "shareId": "lzg",
        "shareOrganizationName": "随州市公安局大队",
        "shareTime": "Aug 23, 2017 3:35:11 PM",
        "modifierName": "lzg",
        "creatorId": "lzg",
        "organizationName": "lzg",
        "description": "This is for sharing!",
        "createTime": "Aug 23, 2017 3:24:50 PM",
        "shareOrganizationId": "421302",
        "modifierId": "lzg",
        "creatorName": "lzg",
        "id": "06203b96232e41a0a99fb4859660df8b",
        "kwsId": "kws2",
        "shareName": "lzg2",
        "organizationId": "随州市公安局大队"
      },
      {
        "deleteFlag": false,
        "modifyTime": "Aug 22, 2017 11:33:30 AM",
        "shareId": "lzg",
        "shareOrganizationName": "随州市公安局大队",
        "shareTime": "Aug 28, 2017 3:35:16 PM",
        "modifierName": "lzg",
        "creatorId": "lzg",
        "organizationName": "lzg",
        "description": "This is for sharing!",
        "createTime": "Aug 22, 2017 11:33:30 AM",
        "shareOrganizationId": "421302",
        "modifierId": "lzg",
        "creatorName": "lzg",
        "id": "087cd1aa9c3a41d4a99091d1c90e20fa",
        "kwsId": "kws1",
        "shareName": "lzg1",
        "organizationId": "随州市公安局大队"
      }
    ]
  },
  "message": ""
}